+2.40004995004995E+009;-6.415697479E+001
+2.40014985014985E+009;-6.127413559E+001
+2.40024975024975E+009;-5.991803741E+001
+2.40034965034965E+009;-5.715403366E+001
+2.40044955044955E+009;-5.130084610E+001
+2.40054945054945E+009;-4.917889786E+001
+2.40064935064935E+009;-4.760181427E+001
+2.40074925074925E+009;-4.681595993E+001
+2.40084915084915E+009;-4.590200424E+001
+2.40094905094905E+009;-4.680716705E+001
+2.40104895104895E+009;-4.793652725E+001
+2.40114885114885E+009;-4.889213943E+001
+2.40124875124875E+009;-6.097312164E+001
+2.40134865134865E+009;-5.768231201E+001
+2.40144855144855E+009;-5.513301086E+001
+2.40154845154845E+009;-4.321727753E+001
+2.40164835164835E+009;-4.108597565E+001
+2.40174825174825E+009;-3.840917587E+001
+2.40184815184815E+009;-3.553421783E+001
+2.40194805194805E+009;-3.335881805E+001
+2.40204795204795E+009;-3.233924484E+001
+2.40214785214785E+009;-3.371942902E+001
+2.40224775224775E+009;-3.046469688E+001
+2.40234765234765E+009;-2.899362564E+001
+2.40244755244755E+009;-2.570334244E+001
+2.40254745254746E+009;-2.472621155E+001
+2.40264735264736E+009;-2.413010216E+001
+2.40274725274726E+009;-2.371660423E+001
+2.40284715284716E+009;-2.362878799E+001
+2.40294705294706E+009;-2.360230446E+001
+2.40304695304696E+009;-2.369009209E+001
+2.40314685314686E+009;-2.372104645E+001
+2.40324675324676E+009;-2.396115494E+001
+2.40334665334666E+009;-2.413723946E+001
+2.40344655344656E+009;-2.424207497E+001
+2.40354645354646E+009;-2.476961899E+001
+2.40364635364636E+009;-2.714795113E+001
+2.40374625374626E+009;-2.877109909E+001
+2.40384615384616E+009;-3.035910797E+001
+2.40394605394606E+009;-3.052295494E+001
+2.40404595404596E+009;-3.121065521E+001
+2.40414585414586E+009;-3.298531723E+001
+2.40424575424576E+009;-3.582209015E+001
+2.40434565434566E+009;-3.593803787E+001
+2.40444555444556E+009;-3.651411057E+001
+2.40454545454546E+009;-3.973645782E+001
+2.40464535464536E+009;-3.621639252E+001
+2.40474525474526E+009;-3.549328232E+001
+2.40484515484516E+009;-3.534297180E+001
+2.40494505494506E+009;-3.508484650E+001
+2.40504495504496E+009;-3.537714005E+001
+2.40514485514486E+009;-3.559375000E+001
+2.40524475524476E+009;-3.035256577E+001
+2.40534465534466E+009;-2.683725929E+001
+2.40544455544456E+009;-2.544075775E+001
+2.40554445554446E+009;-2.472229004E+001
+2.40564435564436E+009;-2.451375389E+001
+2.40574425574426E+009;-2.550500870E+001
+2.40584415584416E+009;-2.391414452E+001
+2.40594405594406E+009;-2.360443878E+001
+2.40604395604396E+009;-2.364802933E+001
+2.40614385614386E+009;-2.366711044E+001
+2.40624375624376E+009;-2.438144875E+001
+2.40634365634366E+009;-2.404554939E+001
+2.40644355644356E+009;-2.414311028E+001
+2.40654345654346E+009;-2.471566391E+001
+2.40664335664336E+009;-2.459578133E+001
+2.40674325674327E+009;-2.370153618E+001
+2.40684315684317E+009;-2.372242355E+001
+2.40694305694307E+009;-2.354845810E+001
+2.40704295704297E+009;-2.358026314E+001
+2.40714285714287E+009;-2.361888123E+001
+2.40724275724277E+009;-2.379424095E+001
+2.40734265734267E+009;-2.391220093E+001
+2.40744255744257E+009;-2.413723564E+001
+2.40754245754247E+009;-2.501138687E+001
+2.40764235764237E+009;-2.691165543E+001
+2.40774225774227E+009;-2.720176888E+001
+2.40784215784217E+009;-2.807867622E+001
+2.40794205794207E+009;-2.902246857E+001
+2.40804195804197E+009;-3.079074669E+001
+2.40814185814187E+009;-3.276442719E+001
+2.40824175824177E+009;-3.192559814E+001
+2.40834165834167E+009;-2.933968735E+001
+2.40844155844157E+009;-2.908116722E+001
+2.40854145854147E+009;-2.915297890E+001
+2.40864135864137E+009;-2.955320549E+001
+2.40874125874127E+009;-3.062830162E+001
+2.40884115884117E+009;-3.232154465E+001
+2.40894105894107E+009;-3.632357407E+001
+2.40904095904097E+009;-3.964406967E+001
+2.40914085914087E+009;-3.122080803E+001
+2.40924075924077E+009;-2.811955833E+001
+2.40934065934067E+009;-2.651961327E+001
+2.40944055944057E+009;-2.636253166E+001
+2.40954045954047E+009;-2.841887665E+001
+2.40964035964037E+009;-2.725809669E+001
+2.40974025974027E+009;-2.586375999E+001
+2.40984015984017E+009;-2.393103600E+001
+2.40994005994007E+009;-2.372782326E+001
+2.41003996003997E+009;-2.445157242E+001
+2.41013986013987E+009;-2.579746056E+001
+2.41023976023977E+009;-2.755134773E+001
+2.41033966033967E+009;-2.946096802E+001
+2.41043956043957E+009;-2.727565765E+001
+2.41053946053947E+009;-2.546459007E+001
+2.41063936063937E+009;-2.510424995E+001
+2.41073926073927E+009;-2.394548416E+001
+2.41083916083918E+009;-2.370531654E+001
+2.41093906093908E+009;-2.335164261E+001
+2.41103896103898E+009;-2.347865868E+001
+2.41113886113888E+009;-2.343419266E+001
+2.41123876123878E+009;-2.338167953E+001
+2.41133866133868E+009;-2.407122231E+001
+2.41143856143858E+009;-2.637574577E+001
+2.41153846153848E+009;-2.756263733E+001
+2.41163836163838E+009;-2.825065994E+001
+2.41173826173828E+009;-2.698339844E+001
+2.41183816183818E+009;-2.733126259E+001
+2.41193806193808E+009;-3.192038345E+001
+2.41203796203798E+009;-3.191584778E+001
+2.41213786213788E+009;-3.585326004E+001
+2.41223776223778E+009;-4.168981171E+001
+2.41233766233768E+009;-3.861123657E+001
+2.41243756243758E+009;-4.025320816E+001
+2.41253746253748E+009;-4.263926697E+001
+2.41263736263738E+009;-4.567963409E+001
+2.41273726273728E+009;-5.365226364E+001
+2.41283716283718E+009;-6.031470871E+001
+2.41293706293708E+009;-5.694937897E+001
+2.41303696303698E+009;-5.770453644E+001
+2.41313686313688E+009;-5.965481567E+001
+2.41323676323678E+009;-5.980667877E+001
+2.41333666333668E+009;-5.910265350E+001
+2.41343656343658E+009;-5.654283524E+001
+2.41353646353648E+009;-5.098013687E+001
+2.41363636363638E+009;-4.049464035E+001
+2.41373626373628E+009;-3.850839233E+001
+2.41383616383618E+009;-3.516011047E+001
+2.41393606393608E+009;-3.316819382E+001
+2.41403596403598E+009;-3.205238342E+001
+2.41413586413588E+009;-3.362745285E+001
+2.41423576423578E+009;-2.872328186E+001
+2.41433566433568E+009;-2.941397095E+001
+2.41443556443558E+009;-2.553208160E+001
+2.41453546453548E+009;-2.439138412E+001
+2.41463536463538E+009;-2.421867752E+001
+2.41473526473528E+009;-2.444861221E+001
+2.41483516483519E+009;-2.421071625E+001
+2.41493506493509E+009;-2.315426445E+001
+2.41503496503499E+009;-2.320955467E+001
+2.41513486513489E+009;-2.339258766E+001
+2.41523476523479E+009;-2.345696831E+001
+2.41533466533469E+009;-2.368680763E+001
+2.41543456543459E+009;-2.433922005E+001
+2.41553446553449E+009;-2.486973763E+001
+2.41563436563439E+009;-2.889386559E+001
+2.41573426573429E+009;-3.082390594E+001
+2.41583416583419E+009;-3.275553513E+001
+2.41593406593409E+009;-3.329199982E+001
+2.41603396603399E+009;-3.106114388E+001
+2.41613386613389E+009;-2.972153282E+001
+2.41623376623379E+009;-2.800423431E+001
+2.41633366633369E+009;-2.797891235E+001
+2.41643356643359E+009;-3.020327187E+001
+2.41653346653349E+009;-2.853212547E+001
+2.41663336663339E+009;-2.689351273E+001
+2.41673326673329E+009;-2.588128090E+001
+2.41683316683319E+009;-2.494974136E+001
+2.41693306693309E+009;-2.401801872E+001
+2.41703296703299E+009;-2.361600113E+001
+2.41713286713289E+009;-2.340393066E+001
+2.41723276723279E+009;-2.338151169E+001
+2.41733266733269E+009;-2.460317993E+001
+2.41743256743259E+009;-2.613863373E+001
+2.41753246753249E+009;-2.728997231E+001
+2.41763236763239E+009;-2.896694565E+001
+2.41773226773229E+009;-3.072380257E+001
+2.41783216783219E+009;-2.938094139E+001
+2.41793206793209E+009;-2.919389725E+001
+2.41803196803199E+009;-3.024253273E+001
+2.41813186813189E+009;-3.250727081E+001
+2.41823176823179E+009;-4.169114304E+001
+2.41833166833169E+009;-4.386617279E+001
+2.41843156843159E+009;-4.121998596E+001
+2.41853146853149E+009;-3.636724854E+001
+2.41863136863140E+009;-3.567440796E+001
+2.41873126873130E+009;-3.513417435E+001
+2.41883116883120E+009;-3.520456314E+001
+2.41893106893110E+009;-3.600804901E+001
+2.41903096903100E+009;-3.523194885E+001
+2.41913086913090E+009;-3.505401611E+001
+2.41923076923080E+009;-3.575167084E+001
+2.41933066933070E+009;-3.688744354E+001
+2.41943056943060E+009;-3.602783966E+001
+2.41953046953050E+009;-3.602694321E+001
+2.41963036963040E+009;-3.667797470E+001
+2.41973026973030E+009;-3.564185333E+001
+2.41983016983020E+009;-3.506066132E+001
+2.41993006993010E+009;-3.433890915E+001
+2.42002997003000E+009;-3.177545929E+001
+2.42012987012990E+009;-2.935653877E+001
+2.42022977022980E+009;-2.933898735E+001
+2.42032967032970E+009;-3.215502167E+001
+2.42042957042960E+009;-3.021354866E+001
+2.42052947052950E+009;-2.843235779E+001
+2.42062937062940E+009;-2.515900040E+001
+2.42072927072930E+009;-2.499932671E+001
+2.42082917082920E+009;-2.543955421E+001
+2.42092907092910E+009;-2.609265900E+001
+2.42102897102900E+009;-2.759446716E+001
+2.42112887112890E+009;-2.969296074E+001
+2.42122877122880E+009;-3.309566879E+001
+2.42132867132870E+009;-3.948718643E+001
+2.42142857142860E+009;-4.236024094E+001
+2.42152847152850E+009;-4.050274277E+001
+2.42162837162840E+009;-3.894279861E+001
+2.42172827172830E+009;-3.771975327E+001
+2.42182817182820E+009;-3.509922028E+001
+2.42192807192810E+009;-3.341368866E+001
+2.42202797202800E+009;-3.146692848E+001
+2.42212787212790E+009;-2.976512337E+001
+2.42222777222780E+009;-2.792090988E+001
+2.42232767232770E+009;-2.664270020E+001
+2.42242757242760E+009;-2.541015244E+001
+2.42252747252750E+009;-2.450418663E+001
+2.42262737262740E+009;-2.390932465E+001
+2.42272727272731E+009;-2.352194405E+001
+2.42282717282720E+009;-2.325227928E+001
+2.42292707292711E+009;-2.324954224E+001
+2.42302697302700E+009;-2.339504623E+001
+2.42312687312691E+009;-2.346759605E+001
+2.42322677322681E+009;-2.346748543E+001
+2.42332667332671E+009;-2.414080429E+001
+2.42342657342661E+009;-2.407747078E+001
+2.42352647352651E+009;-2.547045517E+001
+2.42362637362641E+009;-2.729093361E+001
+2.42372627372631E+009;-2.616589928E+001
+2.42382617382621E+009;-2.498073006E+001
+2.42392607392611E+009;-2.337945366E+001
+2.42402597402601E+009;-2.335086441E+001
+2.42412587412591E+009;-2.353487015E+001
+2.42422577422581E+009;-2.353223419E+001
+2.42432567432571E+009;-2.368048477E+001
+2.42442557442561E+009;-2.473680878E+001
+2.42452547452551E+009;-2.464690781E+001
+2.42462537462541E+009;-2.545221329E+001
+2.42472527472531E+009;-2.360224342E+001
+2.42482517482521E+009;-2.360140991E+001
+2.42492507492511E+009;-2.361136436E+001
+2.42502497502501E+009;-2.351060677E+001
+2.42512487512491E+009;-5.390436935E+001
+2.42522477522481E+009;-5.250446701E+001
+2.42532467532471E+009;-4.930262756E+001
+2.42542457542461E+009;-4.823878479E+001
+2.42552447552451E+009;-4.391403961E+001
+2.42562437562441E+009;-4.208150864E+001
+2.42572427572431E+009;-3.857844925E+001
+2.42582417582421E+009;-3.559647369E+001
+2.42592407592411E+009;-3.401837540E+001
+2.42602397602401E+009;-3.191881371E+001
+2.42612387612391E+009;-2.967342377E+001
+2.42622377622381E+009;-2.896208954E+001
+2.42632367632371E+009;-2.766632462E+001
+2.42642357642361E+009;-2.643975830E+001
+2.42652347652351E+009;-2.542288589E+001
+2.42662337662341E+009;-2.423353195E+001
+2.42672327672331E+009;-2.372850609E+001
+2.42682317682321E+009;-2.342552757E+001
+2.42692307692312E+009;-2.342270088E+001
+2.42702297702301E+009;-2.356624413E+001
+2.42712287712292E+009;-2.367820740E+001
+2.42722277722282E+009;-2.387282753E+001
+2.42732267732272E+009;-2.388475990E+001
+2.42742257742262E+009;-2.410709000E+001
+2.42752247752252E+009;-2.461117554E+001
+2.42762237762242E+009;-2.518988800E+001
+2.42772227772232E+009;-2.617641640E+001
+2.42782217782222E+009;-2.804658508E+001
+2.42792207792212E+009;-2.974439240E+001
+2.42802197802202E+009;-3.058468437E+001
+2.42812187812192E+009;-3.031340981E+001
+2.42822177822182E+009;-2.880382919E+001
+2.42832167832172E+009;-2.934994507E+001
+2.42842157842162E+009;-3.062541771E+001
+2.42852147852152E+009;-2.888174057E+001
+2.42862137862142E+009;-2.680969048E+001
+2.42872127872132E+009;-2.384574318E+001
+2.42882117882122E+009;-2.360399628E+001
+2.42892107892112E+009;-2.368087959E+001
+2.42902097902102E+009;-2.367683601E+001
+2.42912087912092E+009;-2.389482689E+001
+2.42922077922082E+009;-2.394250679E+001
+2.42932067932072E+009;-2.404974556E+001
+2.42942057942062E+009;-2.637397003E+001
+2.42952047952052E+009;-2.529015732E+001
+2.42962037962042E+009;-2.532263374E+001
+2.42972027972032E+009;-2.700543976E+001
+2.42982017982022E+009;-3.303210831E+001
+2.42992007992012E+009;-3.535861969E+001
+2.43001998002002E+009;-3.264201736E+001
+2.43011988011992E+009;-3.347001648E+001
+2.43021978021982E+009;-3.145131111E+001
+2.43031968031972E+009;-3.060583878E+001
+2.43041958041962E+009;-2.697093582E+001
+2.43051948051952E+009;-2.641629791E+001
+2.43061938061942E+009;-2.511698532E+001
+2.43071928071932E+009;-2.478989029E+001
+2.43081918081922E+009;-2.402865791E+001
+2.43091908091912E+009;-2.389351463E+001
+2.43101898101902E+009;-2.431950378E+001
+2.43111888111893E+009;-2.399747658E+001
+2.43121878121883E+009;-2.395372200E+001
+2.43131868131873E+009;-2.499468994E+001
+2.43141858141863E+009;-2.670081329E+001
+2.43151848151853E+009;-2.772780800E+001
+2.43161838161843E+009;-2.723809624E+001
+2.43171828171833E+009;-2.676941681E+001
+2.43181818181823E+009;-2.774180794E+001
+2.43191808191813E+009;-3.185087204E+001
+2.43201798201803E+009;-3.168261528E+001
+2.43211788211793E+009;-3.932170868E+001
+2.43221778221783E+009;-3.799813461E+001
+2.43231768231773E+009;-3.791172791E+001
+2.43241758241763E+009;-4.052893066E+001
+2.43251748251753E+009;-4.218210602E+001
+2.43261738261743E+009;-4.503779984E+001
+2.43271728271733E+009;-5.281172562E+001
+2.43281718281723E+009;-5.294973755E+001
+2.43291708291713E+009;-5.011783981E+001
+2.43301698301703E+009;-5.185913849E+001
+2.43311688311693E+009;-5.172547913E+001
+2.43321678321683E+009;-5.133343124E+001
+2.43331668331673E+009;-5.101617813E+001
+2.43341658341663E+009;-5.111470032E+001
+2.43351648351653E+009;-5.051626205E+001
+2.43361638361643E+009;-5.087010956E+001
+2.43371628371633E+009;-5.074681854E+001
+2.43381618381623E+009;-5.087184906E+001
+2.43391608391613E+009;-5.062392044E+001
+2.43401598401603E+009;-5.057776642E+001
+2.43411588411593E+009;-5.041750336E+001
+2.43421578421583E+009;-4.961896896E+001
+2.43431568431573E+009;-5.075563812E+001
+2.43441558441563E+009;-5.040601349E+001
+2.43451548451553E+009;-5.068835068E+001
+2.43461538461543E+009;-4.969569016E+001
+2.43471528471533E+009;-5.000225830E+001
+2.43481518481523E+009;-4.937242126E+001
+2.43491508491513E+009;-5.008534622E+001
+2.43501498501503E+009;-4.967182541E+001
+2.43511488511494E+009;-4.934885025E+001
+2.43521478521484E+009;-4.930782700E+001
+2.43531468531474E+009;-4.973361206E+001
+2.43541458541464E+009;-4.978264236E+001
+2.43551448551454E+009;-4.963618469E+001
+2.43561438561444E+009;-5.007978439E+001
+2.43571428571434E+009;-5.043623734E+001
+2.43581418581424E+009;-5.050807953E+001
+2.43591408591414E+009;-5.040524673E+001
+2.43601398601404E+009;-5.038601303E+001
+2.43611388611394E+009;-5.095737457E+001
+2.43621378621384E+009;-5.290173721E+001
+2.43631368631374E+009;-5.241645813E+001
+2.43641358641364E+009;-5.225210190E+001
+2.43651348651354E+009;-5.242111588E+001
+2.43661338661344E+009;-5.226184464E+001
+2.43671328671334E+009;-5.255657196E+001
+2.43681318681324E+009;-5.329006958E+001
+2.43691308691314E+009;-5.426245117E+001
+2.43701298701304E+009;-5.330962753E+001
+2.43711288711294E+009;-5.334983063E+001
+2.43721278721284E+009;-5.494218063E+001
+2.43731268731274E+009;-5.466400146E+001
+2.43741258741264E+009;-5.482983398E+001
+2.43751248751254E+009;-5.478809738E+001
+2.43761238761244E+009;-5.459423447E+001
+2.43771228771234E+009;-5.451452637E+001
+2.43781218781224E+009;-5.381464005E+001
+2.43791208791214E+009;-5.365472794E+001
+2.43801198801204E+009;-5.300801086E+001
+2.43811188811194E+009;-5.240003967E+001
+2.43821178821184E+009;-5.242703629E+001
+2.43831168831174E+009;-5.187469101E+001
+2.43841158841164E+009;-5.122777939E+001
+2.43851148851154E+009;-5.041759872E+001
+2.43861138861144E+009;-5.055529022E+001
+2.43871128871134E+009;-5.053483582E+001
+2.43881118881124E+009;-5.060316467E+001
+2.43891108891114E+009;-4.984658813E+001
+2.43901098901105E+009;-4.940465546E+001
+2.43911088911095E+009;-4.936738586E+001
+2.43921078921085E+009;-4.966608047E+001
+2.43931068931075E+009;-4.907145309E+001
+2.43941058941065E+009;-4.850999832E+001
+2.43951048951055E+009;-4.910115433E+001
+2.43961038961045E+009;-4.851662445E+001
+2.43971028971035E+009;-4.867958832E+001
+2.43981018981025E+009;-4.830519867E+001
+2.43991008991015E+009;-4.850305176E+001
+2.44000999001005E+009;-4.786888885E+001
+2.44010989010995E+009;-4.761515427E+001
+2.44020979020985E+009;-4.782516098E+001
+2.44030969030975E+009;-4.801099014E+001
+2.44040959040965E+009;-4.754121780E+001
+2.44050949050955E+009;-4.749744034E+001
+2.44060939060945E+009;-4.160183716E+001
+2.44070929070935E+009;-3.939489746E+001
+2.44080919080925E+009;-3.739594650E+001
+2.44090909090915E+009;-4.033242416E+001
+2.44100899100905E+009;-3.986256027E+001
+2.44110889110895E+009;-3.784053421E+001
+2.44120879120885E+009;-3.540713120E+001
+2.44130869130875E+009;-3.013184547E+001
+2.44140859140865E+009;-2.604942513E+001
+2.44150849150855E+009;-2.516007996E+001
+2.44160839160845E+009;-2.426950645E+001
+2.44170829170835E+009;-2.385356140E+001
+2.44180819180825E+009;-2.371591759E+001
+2.44190809190815E+009;-2.408313560E+001
+2.44200799200805E+009;-2.366654968E+001
+2.44210789210795E+009;-2.372982979E+001
+2.44220779220785E+009;-2.381721687E+001
+2.44230769230775E+009;-2.530727196E+001
+2.44240759240765E+009;-2.601156044E+001
+2.44250749250755E+009;-2.498128128E+001
+2.44260739260745E+009;-2.507582474E+001
+2.44270729270735E+009;-2.768701744E+001
+2.44280719280725E+009;-2.872771454E+001
+2.44290709290715E+009;-3.056127930E+001
+2.44300699300705E+009;-3.183481789E+001
+2.44310689310695E+009;-3.057235909E+001
+2.44320679320685E+009;-2.875564766E+001
+2.44330669330676E+009;-2.783358192E+001
+2.44340659340665E+009;-2.794529915E+001
+2.44350649350656E+009;-2.576551819E+001
+2.44360639360646E+009;-2.567860794E+001
+2.44370629370636E+009;-2.398457718E+001
+2.44380619380626E+009;-2.367925072E+001
+2.44390609390616E+009;-2.363613701E+001
+2.44400599400606E+009;-2.357202911E+001
+2.44410589410596E+009;-2.349512672E+001
+2.44420579420586E+009;-2.353300476E+001
+2.44430569430576E+009;-2.372431946E+001
+2.44440559440566E+009;-2.413196373E+001
+2.44450549450556E+009;-2.479198265E+001
+2.44460539460546E+009;-2.548323441E+001
+2.44470529470536E+009;-2.414615631E+001
+2.44480519480526E+009;-2.365257072E+001
+2.44490509490516E+009;-2.366632080E+001
+2.44500499500506E+009;-2.354853249E+001
+2.44510489510496E+009;-2.352337646E+001
+2.44520479520486E+009;-2.349984169E+001
+2.44530469530476E+009;-2.360227585E+001
+2.44540459540466E+009;-2.472480583E+001
+2.44550449550456E+009;-2.494775009E+001
+2.44560439560446E+009;-2.509919167E+001
+2.44570429570436E+009;-2.790773582E+001
+2.44580419580426E+009;-2.862624550E+001
+2.44590409590416E+009;-2.886520004E+001
+2.44600399600406E+009;-3.182721138E+001
+2.44610389610396E+009;-3.062615967E+001
+2.44620379620386E+009;-2.876280594E+001
+2.44630369630376E+009;-2.762034798E+001
+2.44640359640366E+009;-2.767112160E+001
+2.44650349650356E+009;-2.844634056E+001
+2.44660339660346E+009;-2.465042114E+001
+2.44670329670336E+009;-2.461894035E+001
+2.44680319680326E+009;-2.361313629E+001
+2.44690309690316E+009;-2.358292580E+001
+2.44700299700306E+009;-2.359118843E+001
+2.44710289710296E+009;-2.336365891E+001
+2.44720279720286E+009;-2.336764336E+001
+2.44730269730277E+009;-2.488280678E+001
+2.44740259740267E+009;-2.612653732E+001
+2.44750249750257E+009;-2.727588463E+001
+2.44760239760247E+009;-2.875085258E+001
+2.44770229770237E+009;-3.043966484E+001
+2.44780219780227E+009;-2.854006577E+001
+2.44790209790217E+009;-2.858007050E+001
+2.44800199800207E+009;-2.973171234E+001
+2.44810189810197E+009;-3.127028275E+001
+2.44820179820187E+009;-3.425292206E+001
+2.44830169830177E+009;-3.583915710E+001
+2.44840159840167E+009;-3.785865402E+001
+2.44850149850157E+009;-4.171664429E+001
+2.44860139860147E+009;-4.449995804E+001
+2.44870129870137E+009;-4.626642990E+001
+2.44880119880127E+009;-5.918395233E+001
+2.44890109890117E+009;-6.132926941E+001
+2.44900099900107E+009;-5.625667572E+001
+2.44910089910097E+009;-5.883593369E+001
+2.44920079920087E+009;-6.072380829E+001
+2.44930069930077E+009;-6.312136078E+001
+2.44940059940067E+009;-6.568976593E+001
+2.44950049950057E+009;-6.591815948E+001
+2.44960039960047E+009;-6.219715118E+001
+2.44970029970037E+009;-6.141556549E+001
+2.44980019980027E+009;-6.148210144E+001
+2.44990009990017E+009;-6.216855621E+001
+2.45000000000007E+009;-6.291620255E+001
+2.45009990009997E+009;-6.300849152E+001
+2.45019980019987E+009;-6.430110931E+001
+2.45029970029977E+009;-6.585240936E+001
+2.45039960039967E+009;-6.558945465E+001
+2.45049950049957E+009;-6.687936401E+001
+2.45059940059947E+009;-6.698495483E+001
+2.45069930069937E+009;-6.616539764E+001
+2.45079920079927E+009;-6.751538086E+001
+2.45089910089917E+009;-6.670934296E+001
+2.45099900099907E+009;-6.712857056E+001
+2.45109890109897E+009;-6.692299652E+001
+2.45119880119887E+009;-6.766498566E+001
+2.45129870129877E+009;-6.701184845E+001
+2.45139860139868E+009;-6.659452820E+001
+2.45149850149857E+009;-6.612707520E+001
+2.45159840159848E+009;-6.580022430E+001
+2.45169830169838E+009;-6.667379761E+001
+2.45179820179828E+009;-6.672466278E+001
+2.45189810189818E+009;-6.694907379E+001
+2.45199800199808E+009;-6.653325653E+001
+2.45209790209798E+009;-6.651460266E+001
+2.45219780219788E+009;-6.758375549E+001
+2.45229770229778E+009;-6.738305664E+001
+2.45239760239768E+009;-6.741158295E+001
+2.45249750249758E+009;-6.675074005E+001
+2.45259740259748E+009;-6.792177582E+001
+2.45269730269738E+009;-6.638117218E+001
+2.45279720279728E+009;-6.761804199E+001
+2.45289710289718E+009;-6.737558746E+001
+2.45299700299708E+009;-6.738873291E+001
+2.45309690309698E+009;-6.770310211E+001
+2.45319680319688E+009;-6.729132843E+001
+2.45329670329678E+009;-6.732971191E+001
+2.45339660339668E+009;-6.647497559E+001
+2.45349650349658E+009;-6.662903595E+001
+2.45359640359648E+009;-6.747063446E+001
+2.45369630369638E+009;-6.611830139E+001
+2.45379620379628E+009;-6.673423004E+001
+2.45389610389618E+009;-6.744135284E+001
+2.45399600399608E+009;-6.757239532E+001
+2.45409590409598E+009;-6.725274658E+001
+2.45419580419588E+009;-6.720590973E+001
+2.45429570429578E+009;-6.759027863E+001
+2.45439560439568E+009;-6.769600677E+001
+2.45449550449558E+009;-6.719398499E+001
+2.45459540459548E+009;-6.752311707E+001
+2.45469530469538E+009;-6.569435120E+001
+2.45479520479528E+009;-6.422874451E+001
+2.45489510489518E+009;-6.720243835E+001
+2.45499500499508E+009;-6.678968048E+001
+2.45509490509498E+009;-6.682734680E+001
+2.45519480519488E+009;-6.711038208E+001
+2.45529470529478E+009;-6.733813477E+001
+2.45539460539469E+009;-6.711903381E+001
+2.45549450549459E+009;-6.632102966E+001
+2.45559440559449E+009;-6.550822449E+001
+2.45569430569439E+009;-6.531697845E+001
+2.45579420579429E+009;-6.519915009E+001
+2.45589410589419E+009;-6.527849579E+001
+2.45599400599409E+009;-6.459936523E+001
+2.45609390609399E+009;-6.448274994E+001
+2.45619380619389E+009;-6.456686401E+001
+2.45629370629379E+009;-6.732253265E+001
+2.45639360639369E+009;-6.328919220E+001
+2.45649350649359E+009;-6.674617767E+001
+2.45659340659349E+009;-6.722265625E+001
+2.45669330669339E+009;-6.619584656E+001
+2.45679320679329E+009;-6.701063538E+001
+2.45689310689319E+009;-6.682917786E+001
+2.45699300699309E+009;-6.626933289E+001
+2.45709290709299E+009;-6.653595734E+001
+2.45719280719289E+009;-6.652886200E+001
+2.45729270729279E+009;-6.738485718E+001
+2.45739260739269E+009;-6.715902710E+001
+2.45749250749259E+009;-6.660947418E+001
+2.45759240759249E+009;-6.756011963E+001
+2.45769230769239E+009;-6.645984650E+001
+2.45779220779229E+009;-6.669557190E+001
+2.45789210789219E+009;-6.712351990E+001
+2.45799200799209E+009;-6.746302032E+001
+2.45809190809199E+009;-6.503680420E+001
+2.45819180819189E+009;-6.668652344E+001
+2.45829170829179E+009;-6.661960602E+001
+2.45839160839169E+009;-6.745472717E+001
+2.45849150849159E+009;-6.672917175E+001
+2.45859140859149E+009;-6.662669373E+001
+2.45869130869139E+009;-6.683725739E+001
+2.45879120879129E+009;-6.695805359E+001
+2.45889110889119E+009;-6.567930603E+001
+2.45899100899109E+009;-6.675223541E+001
+2.45909090909099E+009;-6.755857086E+001
+2.45919080919089E+009;-6.588996887E+001
+2.45929070929079E+009;-6.579472351E+001
+2.45939060939070E+009;-6.621758270E+001
+2.45949050949059E+009;-6.762194061E+001
+2.45959040959050E+009;-6.701510620E+001
+2.45969030969040E+009;-6.593115997E+001
+2.45979020979030E+009;-6.696008301E+001
+2.45989010989020E+009;-6.717604065E+001
+2.45999000999010E+009;-6.772549438E+001
+2.46008991009000E+009;-6.791483307E+001
+2.46018981018990E+009;-6.737238312E+001
+2.46028971028980E+009;-6.611923218E+001
+2.46038961038970E+009;-6.587708282E+001
+2.46048951048960E+009;-6.739065552E+001
+2.46058941058950E+009;-6.760260773E+001
+2.46068931068940E+009;-6.711933136E+001
+2.46078921078930E+009;-6.695800018E+001
+2.46088911088920E+009;-6.682739258E+001
+2.46098901098910E+009;-6.691998291E+001
+2.46108891108900E+009;-6.698517609E+001
+2.46118881118890E+009;-6.698757935E+001
+2.46128871128880E+009;-6.726873779E+001
+2.46138861138870E+009;-6.527542114E+001
+2.46148851148860E+009;-6.624295044E+001
+2.46158841158850E+009;-6.711047363E+001
+2.46168831168840E+009;-6.743782806E+001
+2.46178821178830E+009;-6.763568115E+001
+2.46188811188820E+009;-6.664407349E+001
+2.46198801198810E+009;-6.700921631E+001
+2.46208791208800E+009;-6.715846252E+001
+2.46218781218790E+009;-6.700422668E+001
+2.46228771228780E+009;-6.739747620E+001
+2.46238761238770E+009;-6.797267151E+001
+2.46248751248760E+009;-6.713536072E+001
+2.46258741258750E+009;-6.714925385E+001
+2.46268731268740E+009;-6.754459381E+001
+2.46278721278730E+009;-6.714666748E+001
+2.46288711288720E+009;-6.687938690E+001
+2.46298701298710E+009;-6.666754150E+001
+2.46308691308700E+009;-6.648194122E+001
+2.46318681318690E+009;-6.721797180E+001
+2.46328671328680E+009;-6.689127350E+001
+2.46338661338670E+009;-6.617276764E+001
+2.46348651348660E+009;-6.740510559E+001
+2.46358641358651E+009;-6.681746674E+001
+2.46368631368641E+009;-6.714623260E+001
+2.46378621378631E+009;-6.709851074E+001
+2.46388611388621E+009;-6.561855316E+001
+2.46398601398611E+009;-6.655981445E+001
+2.46408591408601E+009;-6.705293274E+001
+2.46418581418591E+009;-6.733018494E+001
+2.46428571428581E+009;-6.555759430E+001
+2.46438561438571E+009;-6.751152039E+001
+2.46448551448561E+009;-6.692412567E+001
+2.46458541458551E+009;-6.709219360E+001
+2.46468531468541E+009;-6.715222931E+001
+2.46478521478531E+009;-6.734670258E+001
+2.46488511488521E+009;-6.724381256E+001
+2.46498501498511E+009;-6.757378387E+001
+2.46508491508501E+009;-6.674559784E+001
+2.46518481518491E+009;-6.662277222E+001
+2.46528471528481E+009;-6.741501617E+001
+2.46538461538471E+009;-6.751311493E+001
+2.46548451548461E+009;-6.708235931E+001
+2.46558441558451E+009;-6.708428955E+001
+2.46568431568441E+009;-6.681788635E+001
+2.46578421578431E+009;-6.741992187E+001
+2.46588411588421E+009;-6.754670715E+001
+2.46598401598411E+009;-6.687162781E+001
+2.46608391608401E+009;-6.749150848E+001
+2.46618381618391E+009;-6.711421967E+001
+2.46628371628381E+009;-6.741094208E+001
+2.46638361638371E+009;-6.770117187E+001
+2.46648351648361E+009;-6.713294983E+001
+2.46658341658351E+009;-6.764920044E+001
+2.46668331668341E+009;-6.689399719E+001
+2.46678321678331E+009;-6.714325714E+001
+2.46688311688321E+009;-6.747145081E+001
+2.46698301698311E+009;-6.787731934E+001
+2.46708291708301E+009;-6.738851166E+001
+2.46718281718291E+009;-6.671800232E+001
+2.46728271728281E+009;-6.724971008E+001
+2.46738261738271E+009;-6.383416367E+001
+2.46748251748261E+009;-6.442889404E+001
+2.46758241758251E+009;-6.594664001E+001
+2.46768231768242E+009;-6.577902985E+001
+2.46778221778232E+009;-6.351472855E+001
+2.46788211788222E+009;-6.543028259E+001
+2.46798201798212E+009;-6.443265533E+001
+2.46808191808202E+009;-6.250388718E+001
+2.46818181818192E+009;-6.266794968E+001
+2.46828171828182E+009;-6.263021088E+001
+2.46838161838172E+009;-6.402560425E+001
+2.46848151848162E+009;-6.606457520E+001
+2.46858141858152E+009;-6.609712982E+001
+2.46868131868142E+009;-6.688385010E+001
+2.46878121878132E+009;-6.583870697E+001
+2.46888111888122E+009;-6.675900269E+001
+2.46898101898112E+009;-6.600080109E+001
+2.46908091908102E+009;-6.715061951E+001
+2.46918081918092E+009;-6.687298584E+001
+2.46928071928082E+009;-6.641691589E+001
+2.46938061938072E+009;-6.673117828E+001
+2.46948051948062E+009;-6.680409241E+001
+2.46958041958052E+009;-6.721641541E+001
+2.46968031968042E+009;-6.666480255E+001
+2.46978021978032E+009;-6.752348328E+001
+2.46988011988022E+009;-6.682163239E+001
+2.46998001998012E+009;-6.680863953E+001
+2.47007992008002E+009;-6.645922089E+001
+2.47017982017992E+009;-6.777342987E+001
+2.47027972027982E+009;-6.795571899E+001
+2.47037962037972E+009;-6.761835480E+001
+2.47047952047962E+009;-6.633378601E+001
+2.47057942057952E+009;-6.777855682E+001
+2.47067932067942E+009;-6.752610016E+001
+2.47077922077932E+009;-6.676181793E+001
+2.47087912087922E+009;-6.677941132E+001
+2.47097902097912E+009;-6.700186157E+001
+2.47107892107902E+009;-6.756760406E+001
+2.47117882117892E+009;-6.761946869E+001
+2.47127872127882E+009;-6.630569458E+001
+2.47137862137872E+009;-6.688096619E+001
+2.47147852147862E+009;-6.683271790E+001
+2.47157842157852E+009;-6.713681030E+001
+2.47167832167842E+009;-6.737333679E+001
+2.47177822177832E+009;-6.770795441E+001
+2.47187812187823E+009;-6.728469086E+001
+2.47197802197813E+009;-6.775099945E+001
+2.47207792207803E+009;-6.723159027E+001
+2.47217782217793E+009;-6.736180878E+001
+2.47227772227783E+009;-6.717730713E+001
+2.47237762237773E+009;-6.675946045E+001
+2.47247752247763E+009;-6.640597534E+001
+2.47257742257753E+009;-6.582934570E+001
+2.47267732267743E+009;-6.674929047E+001
+2.47277722277733E+009;-6.395013809E+001
+2.47287712287723E+009;-6.422900391E+001
+2.47297702297713E+009;-6.073947144E+001
+2.47307692307703E+009;-6.020146179E+001
+2.47317682317693E+009;-5.925425720E+001
+2.47327672327683E+009;-5.793718338E+001
+2.47337662337673E+009;-5.667221832E+001
+2.47347652347663E+009;-5.654920959E+001
+2.47357642357653E+009;-5.690602493E+001
+2.47367632367643E+009;-5.640699387E+001
+2.47377622377633E+009;-5.586668015E+001
+2.47387612387623E+009;-5.586308670E+001
+2.47397602397613E+009;-5.566149902E+001
+2.47407592407603E+009;-5.586405945E+001
+2.47417582417593E+009;-5.550802612E+001
+2.47427572427583E+009;-5.277934647E+001
+2.47437562437573E+009;-5.058993912E+001
+2.47447552447563E+009;-4.685918808E+001
+2.47457542457553E+009;-4.363394165E+001
+2.47467532467543E+009;-4.132646179E+001
+2.47477522477533E+009;-3.943542099E+001
+2.47487512487523E+009;-3.567538452E+001
+2.47497502497513E+009;-3.388005066E+001
+2.47507492507503E+009;-3.227863312E+001
+2.47517482517493E+009;-3.013440514E+001
+2.47527472527483E+009;-2.865652275E+001
+2.47537462537473E+009;-2.763341141E+001
+2.47547452547463E+009;-2.655641937E+001
+2.47557442557453E+009;-2.577364349E+001
+2.47567432567444E+009;-2.508670998E+001
+2.47577422577433E+009;-2.472579002E+001
+2.47587412587424E+009;-2.462563705E+001
+2.47597402597414E+009;-2.471271133E+001
+2.47607392607404E+009;-2.482918358E+001
+2.47617382617394E+009;-2.486859894E+001
+2.47627372627384E+009;-2.536493301E+001
+2.47637362637374E+009;-2.524596786E+001
+2.47647352647364E+009;-2.548600578E+001
+2.47657342657354E+009;-2.749621582E+001
+2.47667332667344E+009;-2.637790871E+001
+2.47677322677334E+009;-2.565847778E+001
+2.47687312687324E+009;-2.511049843E+001
+2.47697302697314E+009;-2.493654633E+001
+2.47707292707304E+009;-2.490344810E+001
+2.47717282717294E+009;-2.493633080E+001
+2.47727272727284E+009;-2.517308807E+001
+2.47737262737274E+009;-2.580476189E+001
+2.47747252747264E+009;-2.603172302E+001
+2.47757242757254E+009;-2.596021080E+001
+2.47767232767244E+009;-2.529079437E+001
+2.47777222777234E+009;-2.512678146E+001
+2.47787212787224E+009;-2.503794479E+001
+2.47797202797214E+009;-2.495487213E+001
+2.47807192807204E+009;-2.502653313E+001
+2.47817182817194E+009;-2.514889145E+001
+2.47827172827184E+009;-2.530225372E+001
+2.47837162837174E+009;-2.528367805E+001
+2.47847152847164E+009;-2.579687119E+001
+2.47857142857154E+009;-2.675842094E+001
+2.47867132867144E+009;-2.710422707E+001
+2.47877122877134E+009;-2.538459206E+001
+2.47887112887124E+009;-2.515511131E+001
+2.47897102897114E+009;-2.499466896E+001
+2.47907092907104E+009;-2.501072693E+001
+2.47917082917094E+009;-2.520051575E+001
+2.47927072927084E+009;-2.517543221E+001
+2.47937062937074E+009;-2.530003166E+001
+2.47947052947064E+009;-2.565206528E+001
+2.47957042957054E+009;-2.633648682E+001
+2.47967032967044E+009;-2.973190689E+001
+2.47977022977035E+009;-3.053171539E+001
+2.47987012987025E+009;-3.019232178E+001
+2.47997002997015E+009;-3.583378601E+001
+2.48006993007005E+009;-3.613916397E+001
+2.48016983016995E+009;-3.562524033E+001
+2.48026973026985E+009;-4.338053894E+001
+2.48036963036975E+009;-4.453890228E+001
+2.48046953046965E+009;-4.309180450E+001
+2.48056943056955E+009;-4.493117523E+001
+2.48066933066945E+009;-5.604740143E+001
+2.48076923076935E+009;-5.797420883E+001
+2.48086913086925E+009;-5.945869064E+001
+2.48096903096915E+009;-5.781244659E+001
+2.48106893106905E+009;-6.428888702E+001
+2.48116883116895E+009;-6.623361969E+001
+2.48126873126885E+009;-6.437631989E+001
+2.48136863136875E+009;-6.685308075E+001
+2.48146853146865E+009;-6.717248535E+001
+2.48156843156855E+009;-6.721029663E+001
+2.48166833166845E+009;-6.661536407E+001
+2.48176823176835E+009;-6.727983856E+001
+2.48186813186825E+009;-6.699063873E+001
+2.48196803196815E+009;-6.708493042E+001
+2.48206793206805E+009;-6.701607513E+001
+2.48216783216795E+009;-6.710717010E+001
+2.48226773226785E+009;-6.664372253E+001
+2.48236763236775E+009;-6.737744141E+001
+2.48246753246765E+009;-6.701148224E+001
+2.48256743256755E+009;-6.744114685E+001
+2.48266733266745E+009;-6.777333832E+001
+2.48276723276735E+009;-6.712881470E+001
+2.48286713286725E+009;-6.661660767E+001
+2.48296703296715E+009;-6.644480133E+001
+2.48306693306705E+009;-6.678095245E+001
+2.48316683316695E+009;-6.699033356E+001
+2.48326673326685E+009;-6.742572784E+001
+2.48336663336675E+009;-6.657068634E+001
+2.48346653346665E+009;-6.716522980E+001
+2.48356643356655E+009;-6.701765442E+001
+2.48366633366645E+009;-6.719822693E+001
+2.48376623376635E+009;-6.733406067E+001
+2.48386613386625E+009;-6.682085419E+001
+2.48396603396615E+009;-6.670499420E+001
+2.48406593406606E+009;-6.774467468E+001
+2.48416583416596E+009;-6.637532806E+001
+2.48426573426586E+009;-6.707386017E+001
+2.48436563436576E+009;-6.683577728E+001
+2.48446553446566E+009;-6.770191193E+001
+2.48456543456556E+009;-6.734400177E+001
+2.48466533466546E+009;-6.496372986E+001
+2.48476523476536E+009;-6.750477600E+001
+2.48486513486526E+009;-6.709543610E+001
+2.48496503496516E+009;-6.798886871E+001
+2.48506493506506E+009;-6.725415039E+001
+2.48516483516496E+009;-6.777204132E+001
+2.48526473526486E+009;-6.751114655E+001
+2.48536463536476E+009;-6.774574280E+001
+2.48546453546466E+009;-6.733834839E+001
+2.48556443556456E+009;-6.681788635E+001
+2.48566433566446E+009;-6.619870758E+001
+2.48576423576436E+009;-6.650328064E+001
+2.48586413586426E+009;-6.626736450E+001
+2.48596403596416E+009;-6.757867432E+001
+2.48606393606406E+009;-6.649824524E+001
+2.48616383616396E+009;-6.560615540E+001
+2.48626373626386E+009;-6.605133057E+001
+2.48636363636376E+009;-6.675520325E+001
+2.48646353646366E+009;-6.701964569E+001
+2.48656343656356E+009;-6.717784119E+001
+2.48666333666346E+009;-6.519215393E+001
+2.48676323676336E+009;-6.499348450E+001
+2.48686313686326E+009;-6.652101135E+001
+2.48696303696316E+009;-6.734834290E+001
+2.48706293706306E+009;-6.705788422E+001
+2.48716283716296E+009;-6.745479584E+001
+2.48726273726286E+009;-6.707364655E+001
+2.48736263736276E+009;-6.717905426E+001
+2.48746253746266E+009;-6.721293640E+001
+2.48756243756256E+009;-6.630047607E+001
+2.48766233766246E+009;-6.657514191E+001
+2.48776223776236E+009;-6.728997040E+001
+2.48786213786227E+009;-6.751043701E+001
+2.48796203796216E+009;-6.693057251E+001
+2.48806193806207E+009;-6.695812225E+001
+2.48816183816197E+009;-6.778543854E+001
+2.48826173826187E+009;-6.665475464E+001
+2.48836163836177E+009;-6.634590149E+001
+2.48846153846167E+009;-6.662070465E+001
+2.48856143856157E+009;-6.676943207E+001
+2.48866133866147E+009;-6.552356720E+001
+2.48876123876137E+009;-6.687868500E+001
+2.48886113886127E+009;-6.706805420E+001
+2.48896103896117E+009;-6.728956604E+001
+2.48906093906107E+009;-6.533655548E+001
+2.48916083916097E+009;-6.611861420E+001
+2.48926073926087E+009;-6.748350525E+001
+2.48936063936077E+009;-6.733990479E+001
+2.48946053946067E+009;-6.562641144E+001
+2.48956043956057E+009;-6.713618469E+001
+2.48966033966047E+009;-6.648139954E+001
+2.48976023976037E+009;-6.757141876E+001
+2.48986013986027E+009;-6.711735535E+001
+2.48996003996017E+009;-6.730706024E+001
+2.49005994006007E+009;-6.796993256E+001
+2.49015984015997E+009;-6.771938324E+001
+2.49025974025987E+009;-6.729843903E+001
+2.49035964035977E+009;-6.719204712E+001
+2.49045954045967E+009;-6.688949585E+001
+2.49055944055957E+009;-6.755364227E+001
+2.49065934065947E+009;-6.770630646E+001
+2.49075924075937E+009;-6.723425293E+001
+2.49085914085927E+009;-6.682066345E+001
+2.49095904095917E+009;-6.717401886E+001
+2.49105894105907E+009;-6.726263428E+001
+2.49115884115897E+009;-6.631529236E+001
+2.49125874125887E+009;-6.766915894E+001
+2.49135864135877E+009;-6.742643738E+001
+2.49145854145867E+009;-6.680863953E+001
+2.49155844155857E+009;-6.716153717E+001
+2.49165834165847E+009;-6.666468811E+001
+2.49175824175837E+009;-6.668347931E+001
+2.49185814185827E+009;-6.714854431E+001
+2.49195804195817E+009;-6.657334137E+001
+2.49205794205807E+009;-6.698463440E+001
+2.49215784215798E+009;-6.703471375E+001
+2.49225774225788E+009;-6.703060913E+001
+2.49235764235778E+009;-6.770149231E+001
+2.49245754245768E+009;-6.610616302E+001
+2.49255744255758E+009;-6.699318695E+001
+2.49265734265748E+009;-6.697387695E+001
+2.49275724275738E+009;-6.711964417E+001
+2.49285714285728E+009;-6.661747742E+001
+2.49295704295718E+009;-6.723988342E+001
+2.49305694305708E+009;-6.728028870E+001
+2.49315684315698E+009;-6.723299408E+001
+2.49325674325688E+009;-6.701274872E+001
+2.49335664335678E+009;-6.661103058E+001
+2.49345654345668E+009;-6.637966156E+001
+2.49355644355658E+009;-6.787959290E+001
+2.49365634365648E+009;-6.643496704E+001
+2.49375624375638E+009;-6.625048828E+001
+2.49385614385628E+009;-6.634473419E+001
+2.49395604395618E+009;-6.728598022E+001
+2.49405594405608E+009;-6.686732483E+001
+2.49415584415598E+009;-6.644386292E+001
+2.49425574425588E+009;-6.663269806E+001
+2.49435564435578E+009;-6.673409271E+001
+2.49445554445568E+009;-6.720621490E+001
+2.49455544455558E+009;-6.659832764E+001
+2.49465534465548E+009;-6.680310822E+001
+2.49475524475538E+009;-6.730202484E+001
+2.49485514485528E+009;-6.685008240E+001
+2.49495504495518E+009;-6.635487366E+001
+2.49505494505508E+009;-6.768496704E+001
+2.49515484515498E+009;-6.710040283E+001
+2.49525474525488E+009;-6.672933197E+001
+2.49535464535478E+009;-6.774864960E+001
+2.49545454545468E+009;-6.741687012E+001
+2.49555444555458E+009;-6.758199310E+001
+2.49565434565448E+009;-6.717462921E+001
+2.49575424575438E+009;-6.706963348E+001
+2.49585414585428E+009;-6.643379211E+001
+2.49595404595418E+009;-6.673061371E+001
+2.49605394605409E+009;-6.657999420E+001
+2.49615384615399E+009;-6.659062958E+001
+2.49625374625389E+009;-6.615091705E+001
+2.49635364635379E+009;-6.732093811E+001
+2.49645354645369E+009;-6.801277924E+001
+2.49655344655359E+009;-6.743064117E+001
+2.49665334665349E+009;-6.733068085E+001
+2.49675324675339E+009;-6.766472626E+001
+2.49685314685329E+009;-6.732116699E+001
+2.49695304695319E+009;-6.710553741E+001
+2.49705294705309E+009;-6.778037262E+001
+2.49715284715299E+009;-6.745559692E+001
+2.49725274725289E+009;-6.665348053E+001
+2.49735264735279E+009;-6.780849457E+001
+2.49745254745269E+009;-6.616868591E+001
+2.49755244755259E+009;-6.652431488E+001
+2.49765234765249E+009;-6.711390686E+001
+2.49775224775239E+009;-6.712523651E+001
+2.49785214785229E+009;-6.773397827E+001
+2.49795204795219E+009;-6.749438477E+001
+2.49805194805209E+009;-6.751301575E+001
+2.49815184815199E+009;-6.710762787E+001
+2.49825174825189E+009;-6.708904266E+001
+2.49835164835179E+009;-6.673637390E+001
+2.49845154845169E+009;-6.651125336E+001
+2.49855144855159E+009;-6.727363586E+001
+2.49865134865149E+009;-6.779078674E+001
+2.49875124875139E+009;-6.726519012E+001
+2.49885114885129E+009;-6.706623077E+001
+2.49895104895119E+009;-6.740412140E+001
+2.49905094905109E+009;-6.743342590E+001
+2.49915084915099E+009;-6.702416229E+001
+2.49925074925089E+009;-6.693114471E+001
+2.49935064935079E+009;-6.622541046E+001
+2.49945054945069E+009;-6.763923645E+001
+2.49955044955059E+009;-6.646492767E+001
+2.49965034965049E+009;-6.559290314E+001
+2.49975024975039E+009;-6.715059662E+001
+2.49985014985029E+009;-6.710245514E+001
+2.49995004995019E+009;-6.679233551E+001
